"Term","Type","est","lwr","upr"
"size","Linear",0.0760558821848199,-0.286842825168071,0.422172485252698
"speed","Linear",-0.0246813471487649,-0.779342389158813,0.376818126567057
"size²","Quadratic",-0.182389837319528,-1.28268185489664,0.678660140549856
"speed²","Quadratic",-0.518814502983225,-1.35468930322043,0.653153946517994
"size × speed","Correlational",0.00340236207759627,-0.489466130934407,0.685313790601495
