"Status","n","mean_humerus","sd_humerus","min_humerus","max_humerus","mean_weight","mean_totlen"
"Perished",64,0.72790625,0.0255887616390911,0.659,0.78,25.8609375,160.484375
"Survived",72,0.735944444444444,0.0203344492882405,0.685,0.78,25.2263888888889,158.708333333333
