"term","estimate","p_value"
"Linear",0.297458956791936,0.116031606277713
"Quadratic",-0.186830286695963,0.202910800498447
