"trait","estimate","std_error","p_value","odds_ratio","significance"
"Humerus",0.358265915396831,0.1799485918983,0.0464880547576915,1.43084605389233,"**"
