"sex","Status","n","mean_humerus","sd_humerus"
"female","Perished",28,0.724964285714286,0.0259465007172624
"female","Survived",21,0.728333333333333,0.0163686692596965
"male","Perished",36,0.730194444444444,0.0254354302324752
"male","Survived",51,0.739078431372549,0.0211100385004433
