"Term","Type","est","lwr","upr"
"TL","Linear",-2.04860415431715,-3.55638397487444,-1.38489273639296
"HL","Linear",1.54611201787337,0.786405672996784,2.47509861394059
"TL²","Quadratic",1.17659372215911,0.0416756102222324,3.00887001344036
"HL²","Quadratic",0.300984277626457,-0.633557593552895,1.69888624004164
"TL × HL","Correlational",-0.471156393688227,-1.52118743242407,0.315146643180845
