"Term","Type","Beta_Coefficient","Standard_Error","P_Value","Variance"
"TL","Linear",-1.74165852362483,0.451495485531707,0.000114537438408614,0.203848173455511
"HL","Linear",1.75596584631173,0.445817080628625,8.19042955921683e-05,0.19875286938023
"WT","Linear",-0.809274663248665,0.394166636567704,0.0400601391798644,0.155367337383096
"TL²","Quadratic",1.92775052633553,1.33293656728482,0.148108984033535,1.77671989240503
"HL²","Quadratic",-0.222707398553989,0.879477455105828,0.800092837550312,0.773480594039424
"WT²","Quadratic",-0.281031754771776,0.974248549513835,0.772994630851529,0.949160236229811
"TL × HL","Correlational",-0.357865471390724,0.826970935992081,0.665201849451852,0.683880928975618
"TL × WT","Correlational",-1.24348861079429,0.919611593731541,0.176314886223296,0.845685483325465
"HL × WT","Correlational",1.26838706805131,0.718403597697978,0.0774691320236957,0.516103729185398
