"Term","Type","Beta_Coefficient","Standard_Error","P_Value","Variance"
"TL","Linear",-1.97649351363058,0.446480869331522,9.56294211535102e-06,0.199345166679032
"HL","Linear",1.43674755184031,0.386968680186688,0.000204957436176925,0.149744759445427
"TL²","Quadratic",1.10535735932596,0.999984725431847,0.268997459554494,0.999969451097006
"HL²","Quadratic",0.27013140130239,0.682970897871832,0.692456191577905,0.466449247339857
"TL × HL","Correlational",-0.528266863032471,0.625717278073813,0.398525209852341,0.391522112080101
