"Term","Type","Beta_Coefficient","Standard_Error","P_Value","Variance"
"TL","Linear",-1.07993568331278,0.290411163595495,0.000200295229847713,0.0843386439408895
