"brier_score","log_loss","auc","calibration_error","method","computation_time","n_predictions"
0.00274666902379011,0.665974330763067,0.915415222692851,0.0455577556067669,"gam_tp",0.199999999999818,200
0.00779982950437209,0.676486541374747,0.740213066358619,0.0761639559226951,"glm",0.00999999999999091,200
0.00283471750400417,0.666390270885394,0.917725580798357,0.0447377319626436,"gam_te",0.220000000000027,200
0.00341181598213221,0.667397027650092,0.900012835322808,0.0497616836213027,"gam_ad",59.22,200
0.00428278348643838,0.669192412849378,0.884995507637017,0.0559027761644743,"empirical_tps",0.279999999999973,200
0.00392052191542446,0.669971294694231,0.929790784238224,0.0516090544031454,"local_likelihood",0.0500000000001819,200
